<?xml version="1.0" encoding="UTF-8" ?>
<databaseChangeLog
        xmlns:xsi="http://www.w3.org/2001/XMLSchema-instance"
        xmlns="http://www.liquibase.org/xml/ns/dbchangelog"
        xsi:schemaLocation="http://www.liquibase.org/xml/ns/dbchangelog http://www.liquibase.org/xml/ns/dbchangelog/dbchangelog-3.1.xsd">

    <changeSet logicalFilePath="2023-05-12-1-create-table-book"
               id="2023-05-12-1-create-table-book" author="s.m">
        <createTable tableName="book">
            <column name="id" type="serial">
                <constraints nullable="false" primaryKey="true"/>
            </column>
            <column name="title" type="varchar(100)">
                <constraints nullable="false"/>
            </column>
            <column name="author" type="varchar(100)">
                <constraints nullable="false"/>
            </column>
            <column name="year" type="int">
                <constraints nullable="false"/>
            </column>
        </createTable>
    </changeSet>

</databaseChangeLog>